{"Canada": [61.0666922, -107.9917071], "Wyoming": [43.1700264, -107.5685348], "Ethiopia": [10.2116702, 38.6521203], "Johannesburg": [-26.205, 28.0497222], "Kenyan": [1.4419683, 38.4313975], "Texas": [31.8160381, -99.5120986], "Saudi Arabia": [25.6242618, 42.3528328], "Izumo": [35.366971, 132.754787], "New Hampshire": [43.4849133, -71.6553992], "Cinco de Mayo": [18.08, -94.338889], "Kampala": [0.3162223, 32.5821691], "Holland America": [51.44770365, 5.96606928205559], "Tanzania": [-6.5247123, 35.7878438], "African Union": [-1.9556343, 30.0743699], "Silicon Valley": [49.179302, -0.394566848275862], "England": [52.7954791, -0.540240236617432], "New Zealand": [-41.5000831, 172.8344077], "Yemen": [16.3471243, 47.8915271], "Mogadishu": [2.0427779, 45.3385636], "Manuka": [-21.1222522, -175.0993274], "Provincetown": [42.058436, -70.1786375], "Machpelah": [35.4473573, -81.0722995], "America": [51.44770365, 5.96606928205559], "West Bank": [32.0254688, 35.2888075], "Philipsburg": [18.0250713, -63.0483073], "Washington": [38.8949549, -77.0366456], "Azerbaijan": [40.1636668, 47.8207429], "AugustA": [48.3668041, 10.8986971], "London": [51.5073219, -0.1276474], "Kenya": [1.4419683, 38.4313975], "South Korea": [35.3985008, 127.937111], "Veendam": [53.10285, 6.86935], "Caribbean": [29.705694, -98.5112499], "Gainesville": [29.651907, -82.3247976], "France": [46.603354, 1.8883335], "Garissa": [-0.52360295, 40.3534445502295], "Somalia": [8.3676771, 49.083416], "Orange": [44.1371311, 4.8078783], "Maryland": [39.5162234, -76.9382069], "Former Florida": [25.6814753, -80.2646049], "Arizona": [34.395342, -111.7632755], "Arabian Peninsula": [21.5071112, 45.2203287], "Singapore": [1.2904527, 103.852038], "BMJ": [7.37012, -60.487999], "Saskatchewan": [54.0, -106.0], "Michigan": [43.6211955, -84.6824346], "Falluja": [33.3532137, 43.7875674], "China": [35.000074, 104.999927], "Massachusetts": [42.3788774, -72.032366], "Los Angeles": [34.053717, -118.2427266], "Mount Gerizim": [40.0097222, -82.9383333], "U.S.": [45.1895845, -88.73215835], "Bnei Brak": [32.0873899, 34.8324376], "Florida": [27.7567667, -81.4639835], "Ramadi": [33.4205927, 43.307505], "Port Canaveral": [28.4113919, -80.6081066], "United States": [39.7837304, -100.4458825], "Tucson": [32.2217422, -110.9264759], "Calif.": [36.7014631, -118.7559974], "Kathmandu": [27.7076762, 85.3148882], "Ohio": [40.2253569, -82.6881395], "Fountain Valley": [33.7038145, -117.9627349], "North Korea": [40.3123959, 127.399971], "Cambridge": [52.2033051, 0.124862], "East Africa": [12.2527495, 0.8736106], "Verulam": [-29.6438889, 31.0430556], "Chinese": [51.178293, 13.6877105], "South Africa": [-28.8166236, 24.991639], "Mackinac Bridge": [45.8101396, -84.7288659], "Nigerian": [39.0232269, 125.794700892014], "Vietnam": [13.2904027, 108.4265113], "Americans": [33.859208, -117.5425335], "Japan": [36.5748441, 139.2394179], "Royal Caribbean": [14.2400542, 121.0586552], "Brazil": [-10.3333333, -53.2], "U.K.": [54.7023545, -3.2765753], "Oklahoma": [34.9550817, -97.2684063], "New America": [39.7837304, -100.4458825], "Israeli": [30.8760272, 35.0015196], "St. Joseph Hospital": [41.07777055, -85.1492333785857], "Bahamas": [24.7736546, -78.0000547], "Iraqi": [30.525, 31.688333], "Ireland": [52.865196, -7.9794599], "turkey": [38.9597594, 34.9249653], "Australia": [-24.7761086, 134.755], "Iran": [32.9407496, 52.9471344], "Durban": [-29.8618254, 31.0099095], "California": [36.7014631, -118.7559974], "Los Angeles VA": [-32.8528096, -70.5865521], "Lake Michigan": [43.9542707, -87.0495545], "Upper Midwest": [41.59999565, -93.6619616], "Iraq": [33.0955793, 44.1749775], "Spades": [39.2539411, -85.1227373], "Neb.": [28.5059262, 77.2062395307929], "Philippines": [12.7503486, 122.7312101], "Cannes": [43.5512076, 7.0126946], "Jamaica": [18.1850507, -77.3947693], "Tel Aviv": [32.0804808, 34.7805274], "Nairobi": [-1.2832533, 36.8172449], "Seychelles": [-4.6574977, 55.4540146], "St. Maarten": [17.9345, -63.1539329807882], "Africa": [2.0000003, 15.9999997], "Pacific": [46.5334929, -123.768029], "Hebron": [31.5302006, 35.094777], "Britain": [54.7023545, -3.2765753], "New York": [40.7305991, -73.9865812], "Gulf of Mexico": [25.0000001, -90.0000001], "Nablus": [32.2204986, 35.2568883], "Qatar": [25.3336984, 51.2295295], "Windsor Castle": [51.4831288, -0.6081037], "Chicago": [41.8755546, -87.6244212], "Nepal": [28.1083178, 84.0916787], "South China Sea": [25.2593784, 55.3252275], "Democratic Republic of the Congo": [-2.9814344, 23.8222636], "Australian": [52.0901626, 5.1116061], "Israel": [30.8760272, 35.0015196], "New York City": [40.7305991, -73.9865812], "Germany": [51.0834196, 10.4234469], "LA VA": [41.9034912, 12.4528349], "Mozambique": [-19.302233, 34.9144977], "VA": [41.9034912, 12.4528349], "Omaha": [41.2587317, -95.9378732], "Cameroon": [4.6125522, 13.1535811], "Melbourne": [-37.8142176, 144.9631608], "Sandringham": [52.8294495, 0.5156262], "Halabja": [35.2580676, 46.0123433], "Syria": [34.6401861, 39.0494106], "Alabama": [33.2588817, -86.8295337], "Natanz": [33.5101029, 51.9157685731399], "South African": [-28.8166236, 24.991639], "Mexico": [19.4325301, -99.1332102], "Egypt": [26.2540493, 29.2675469], "Long Island": [40.8517821, -73.099185269027], "Yokohama": [35.4555922, 139.5721963], "Northern Ireland": [54.65688285, -6.5634352096912], "Paraguay": [-23.3165935, -58.1693445], "Jerusalem": [31.79681325, 35.2137689549576]}